{
  "project_info": {
    "project_number": "7924487938",
    "firebase_url": "https://gsignin-60db8.firebaseio.com",
    "project_id": "gsignin-60db8",
    "storage_bucket": "gsignin-60db8.appspot.com"
  },
  "client": [
    {
      "client_info": {
        "mobilesdk_app_id": "1:7924487938:android:14f433d85bd6591a",
        "android_client_info": {
          "package_name": "com.example.googlesignin"
        }
      },
      "oauth_client": [
        {
          "client_id": "7924487938-nb0dp0k51ctjlir4q52skl0ct0sltbrb.apps.googleusercontent.com",
          "client_type": 1,
          "android_info": {
            "package_name": "com.example.googlesignin",
            "certificate_hash": "fbbaa94cbdc63daa113349db3dcefe7dd71bdbf1"
          }
        },
        {
          "client_id": "7924487938-rn851vf7g9cdqe72fr1aeht0n0ehscsu.apps.googleusercontent.com",
          "client_type": 3
        }
      ],
      "api_key": [
        {
          "current_key": "AIzaSyBcr_Tw1Np9dX83V-yJ_hRa1vShhEAxiO4"
        }
      ],
      "services": {
        "appinvite_service": {
          "other_platform_oauth_client": [
            {
              "client_id": "7924487938-rn851vf7g9cdqe72fr1aeht0n0ehscsu.apps.googleusercontent.com",
              "client_type": 3
            }
          ]
        }
      }
    }
  ],
  "configuration_version": "1"
}